{"cameraMode":{"drawMode":0,"name":"Shaded","section":"Shading Mode"},"sceneLighting":false,"audioPlay":false,"sceneViewState":{"showFog":false,"showMaterialUpdate":true,"showSkybox":false,"showFlares":true,"showImageEffects":true,"showParticleSystems":true},"in2DMode":false,"pivot":{"x":0.38069480657577517,"y":1.0268399715423585,"z":-0.004878707230091095},"rotation":{"x":-0.1951839178800583,"y":0.24194976687431336,"z":-0.0497547946870327,"w":-0.9491512179374695},"size":1.3404663801193238,"orthographic":false}