{"cameraMode":{"drawMode":0,"name":"Shaded","section":"Shading Mode"},"sceneLighting":false,"audioPlay":false,"sceneViewState":{"showFog":false,"showMaterialUpdate":true,"showSkybox":false,"showFlares":true,"showImageEffects":true,"showParticleSystems":true},"in2DMode":false,"pivot":{"x":-0.9652410745620728,"y":1.0935583114624024,"z":-0.8449828624725342},"rotation":{"x":-0.17360800504684449,"y":0.17389467358589173,"z":-0.031160671263933183,"w":-0.9688394665718079},"size":1.953606367111206,"orthographic":false}