{"cameraMode":{"drawMode":0,"name":"Shaded","section":"Shading Mode"},"sceneLighting":false,"audioPlay":false,"sceneViewState":{"showFog":false,"showMaterialUpdate":true,"showSkybox":false,"showFlares":true,"showImageEffects":true,"showParticleSystems":true},"in2DMode":false,"pivot":{"x":-0.5016884803771973,"y":0.15000009536743165,"z":-0.6983599662780762},"rotation":{"x":0.014656823128461838,"y":0.06654071807861328,"z":0.0009774630889296532,"w":-0.9976755976676941},"size":28.778892517089845,"orthographic":false}