{"cameraMode":{"drawMode":0,"name":"Shaded","section":"Shading Mode"},"sceneLighting":true,"audioPlay":false,"sceneViewState":{"showFog":false,"showMaterialUpdate":true,"showSkybox":true,"showFlares":true,"showImageEffects":true,"showParticleSystems":true},"in2DMode":false,"pivot":{"x":0.2405787706375122,"y":1.0516165494918824,"z":0.6404266357421875},"rotation":{"x":0.015458662994205952,"y":-0.29634466767311098,"z":-0.004797153640538454,"w":-0.9549438953399658},"size":3.7055087089538576,"orthographic":false}