{"cameraMode":{"drawMode":0,"name":"Shaded","section":"Shading Mode"},"sceneLighting":false,"audioPlay":false,"sceneViewState":{"showFog":false,"showMaterialUpdate":true,"showSkybox":false,"showFlares":true,"showImageEffects":true,"showParticleSystems":true},"in2DMode":false,"pivot":{"x":1.0501489639282227,"y":0.9214208126068115,"z":0.00006413459777832031},"rotation":{"x":-0.24049334228038789,"y":-0.36526042222976687,"z":0.09826689213514328,"w":-0.8939191699028015},"size":1.840768814086914,"orthographic":false}