{"cameraMode":{"drawMode":0,"name":"Shaded","section":"Shading Mode"},"sceneLighting":true,"audioPlay":false,"sceneViewState":{"showFog":false,"showMaterialUpdate":true,"showSkybox":true,"showFlares":true,"showImageEffects":true,"showParticleSystems":true},"in2DMode":false,"pivot":{"x":1.09212064743042,"y":1.4854393005371094,"z":0.6768099069595337},"rotation":{"x":0.03975754976272583,"y":-0.5510750412940979,"z":-0.026298781856894494,"w":-0.8330931067466736},"size":5.205509662628174,"orthographic":false}