{"cameraMode":{"drawMode":0,"name":"Shaded","section":"Shading Mode"},"sceneLighting":false,"audioPlay":false,"sceneViewState":{"showFog":true,"showMaterialUpdate":false,"showSkybox":false,"showFlares":true,"showImageEffects":true,"showParticleSystems":true},"in2DMode":false,"pivot":{"x":-1.1009732484817505,"y":0.7674758434295654,"z":-1.1901166439056397},"rotation":{"x":-0.10391460359096527,"y":0.8957372307777405,"z":-0.2921822965145111,"w":-0.31856876611709597},"size":4.020673751831055,"orthographic":false}